path,tenant,owner,confidentiality,effective_from,effective_to,source_url,description
documents/sec_msft_2025-07-30_10k.md,default,sec-filings,public,2025-07-30,,https://www.sec.gov/Archives/edgar/data/789019/000095017025100235/msft-20250630.htm,"Latest 10-K filing for Microsoft Corporation, normalized from SEC EDGAR HTML."
documents/sec_aapl_2025-10-31_10k.md,default,sec-filings,public,2025-10-31,,https://www.sec.gov/Archives/edgar/data/320193/000032019325000079/aapl-20250927.htm,"Latest 10-K filing for Apple Inc., normalized from SEC EDGAR HTML."
documents/sec_nvda_2026-02-25_10k.md,default,sec-filings,public,2026-02-25,,https://www.sec.gov/Archives/edgar/data/1045810/000104581026000021/nvda-20260125.htm,"Latest 10-K filing for NVIDIA Corporation, normalized from SEC EDGAR HTML."
documents/sec_amzn_2026-02-06_10k.md,default,sec-filings,public,2026-02-06,,https://www.sec.gov/Archives/edgar/data/1018724/000101872426000004/amzn-20251231.htm,"Latest 10-K filing for Amazon.com, Inc., normalized from SEC EDGAR HTML."
documents/sec_googl_2026-02-05_10k.md,default,sec-filings,public,2026-02-05,,https://www.sec.gov/Archives/edgar/data/1652044/000165204426000018/goog-20251231.htm,"Latest 10-K filing for Alphabet Inc., normalized from SEC EDGAR HTML."
documents/sec_meta_2026-01-29_10k.md,default,sec-filings,public,2026-01-29,,https://www.sec.gov/Archives/edgar/data/1326801/000162828026003942/meta-20251231.htm,"Latest 10-K filing for Meta Platforms, Inc., normalized from SEC EDGAR HTML."
documents/sec_tsla_2026-01-29_10k.md,default,sec-filings,public,2026-01-29,,https://www.sec.gov/Archives/edgar/data/1318605/000162828026003952/tsla-20251231.htm,"Latest 10-K filing for Tesla, Inc., normalized from SEC EDGAR HTML."
documents/sec_jpm_2026-02-13_10k.md,default,sec-filings,public,2026-02-13,,https://www.sec.gov/Archives/edgar/data/19617/000162828026008131/jpm-20251231.htm,"Latest 10-K filing for JPMorgan Chase & Co., normalized from SEC EDGAR HTML."
documents/sec_wmt_2026-03-13_10k.md,default,sec-filings,public,2026-03-13,,https://www.sec.gov/Archives/edgar/data/104169/000010416926000055/wmt-20260131.htm,"Latest 10-K filing for Walmart Inc., normalized from SEC EDGAR HTML."
documents/sec_xom_2026-02-18_10k.md,default,sec-filings,public,2026-02-18,,https://www.sec.gov/Archives/edgar/data/34088/000003408826000045/xom-20251231.htm,"Latest 10-K filing for Exxon Mobil Corporation, normalized from SEC EDGAR HTML."
documents/sec_unh_2026-03-02_10k.md,default,sec-filings,public,2026-03-02,,https://www.sec.gov/Archives/edgar/data/731766/000073176626000062/unh-20251231.htm,"Latest 10-K filing for UnitedHealth Group Incorporated, normalized from SEC EDGAR HTML."
documents/sec_jnj_2026-02-11_10k.md,default,sec-filings,public,2026-02-11,,https://www.sec.gov/Archives/edgar/data/200406/000020040626000016/jnj-20251228.htm,"Latest 10-K filing for Johnson & Johnson, normalized from SEC EDGAR HTML."
documents/sec_pg_2025-08-04_10k.md,default,sec-filings,public,2025-08-04,,https://www.sec.gov/Archives/edgar/data/80424/000008042425000076/pg-20250630.htm,"Latest 10-K filing for The Procter & Gamble Company, normalized from SEC EDGAR HTML."
documents/sec_hd_2026-03-18_10k.md,default,sec-filings,public,2026-03-18,,https://www.sec.gov/Archives/edgar/data/354950/000162828026019436/hd-20260201.htm,"Latest 10-K filing for The Home Depot, Inc., normalized from SEC EDGAR HTML."
documents/sec_v_2025-11-06_10k.md,default,sec-filings,public,2025-11-06,,https://www.sec.gov/Archives/edgar/data/1403161/000140316125000089/v-20250930.htm,"Latest 10-K filing for Visa Inc., normalized from SEC EDGAR HTML."
documents/sec_ma_2026-02-11_10k.md,default,sec-filings,public,2026-02-11,,https://www.sec.gov/Archives/edgar/data/1141391/000114139126000013/ma-20251231.htm,"Latest 10-K filing for Mastercard Incorporated, normalized from SEC EDGAR HTML."
documents/sec_cost_2025-10-08_10k.md,default,sec-filings,public,2025-10-08,,https://www.sec.gov/Archives/edgar/data/909832/000090983225000101/cost-20250831.htm,"Latest 10-K filing for Costco Wholesale Corporation, normalized from SEC EDGAR HTML."
documents/sec_nflx_2026-01-23_10k.md,default,sec-filings,public,2026-01-23,,https://www.sec.gov/Archives/edgar/data/1065280/000106528026000034/nflx-20251231.htm,"Latest 10-K filing for Netflix, Inc., normalized from SEC EDGAR HTML."
documents/sec_adbe_2026-01-15_10k.md,default,sec-filings,public,2026-01-15,,https://www.sec.gov/Archives/edgar/data/796343/000079634326000003/adbe-20251128.htm,"Latest 10-K filing for Adobe Inc., normalized from SEC EDGAR HTML."
documents/sec_crm_2026-03-02_10k.md,default,sec-filings,public,2026-03-02,,https://www.sec.gov/Archives/edgar/data/1108524/000110852426000060/crm-20260131.htm,"Latest 10-K filing for Salesforce, Inc., normalized from SEC EDGAR HTML."
documents/cisa_kev_recent_index.md,default,cisa-kev,public,2026-06-25,,https://www.cisa.gov/sites/default/files/feeds/known_exploited_vulnerabilities.json,Index of recent 150 CISA Known Exploited Vulnerabilities entries.
documents/cisa_kev/cve-2025-67038_lantronix_eds5000.md,default,cisa-kev,public,2026-06-23,2026-06-26,https://www.cisa.gov/sites/default/files/feeds/known_exploited_vulnerabilities.json,CISA KEV entry for CVE-2025-67038: Lantronix EDS5000.
documents/cisa_kev/cve-2026-34910_ubiquiti_unifi-os.md,default,cisa-kev,public,2026-06-23,2026-06-26,https://www.cisa.gov/sites/default/files/feeds/known_exploited_vulnerabilities.json,CISA KEV entry for CVE-2026-34910: Ubiquiti UniFi OS.
documents/cisa_kev/cve-2026-34909_ubiquiti_unifi-os.md,default,cisa-kev,public,2026-06-23,2026-06-26,https://www.cisa.gov/sites/default/files/feeds/known_exploited_vulnerabilities.json,CISA KEV entry for CVE-2026-34909: Ubiquiti UniFi OS.
documents/cisa_kev/cve-2026-34908_ubiquiti_unifi-os.md,default,cisa-kev,public,2026-06-23,2026-06-26,https://www.cisa.gov/sites/default/files/feeds/known_exploited_vulnerabilities.json,CISA KEV entry for CVE-2026-34908: Ubiquiti UniFi OS.
documents/cisa_kev/cve-2026-20253_splunk_enterprise.md,default,cisa-kev,public,2026-06-18,2026-06-21,https://www.cisa.gov/sites/default/files/feeds/known_exploited_vulnerabilities.json,CISA KEV entry for CVE-2026-20253: Splunk Enterprise.
documents/cisa_kev/cve-2026-48907_widget-factory_joomla-content-editor.md,default,cisa-kev,public,2026-06-16,2026-06-19,https://www.cisa.gov/sites/default/files/feeds/known_exploited_vulnerabilities.json,CISA KEV entry for CVE-2026-48907: Widget Factory Joomla Content Editor .
documents/cisa_kev/cve-2026-54420_litespeed_cpanel-plugin.md,default,cisa-kev,public,2026-06-15,2026-06-18,https://www.cisa.gov/sites/default/files/feeds/known_exploited_vulnerabilities.json,CISA KEV entry for CVE-2026-54420: LiteSpeed cPanel Plugin.
documents/cisa_kev/cve-2026-20262_cisco_catalyst-sd-wan-manager.md,default,cisa-kev,public,2026-06-15,2026-06-29,https://www.cisa.gov/sites/default/files/feeds/known_exploited_vulnerabilities.json,CISA KEV entry for CVE-2026-20262: Cisco Catalyst SD-WAN Manager.
documents/cisa_kev/cve-2026-35273_oracle_peoplesoft-enterprise-peopletools.md,default,cisa-kev,public,2026-06-12,2026-06-15,https://www.cisa.gov/sites/default/files/feeds/known_exploited_vulnerabilities.json,CISA KEV entry for CVE-2026-35273: Oracle  PeopleSoft Enterprise PeopleTools.
documents/cisa_kev/cve-2026-10520_ivanti_sentry.md,default,cisa-kev,public,2026-06-11,2026-06-14,https://www.cisa.gov/sites/default/files/feeds/known_exploited_vulnerabilities.json,CISA KEV entry for CVE-2026-10520: Ivanti Sentry.
documents/cisa_kev/cve-2026-11645_google_chromium-v8.md,default,cisa-kev,public,2026-06-09,2026-06-23,https://www.cisa.gov/sites/default/files/feeds/known_exploited_vulnerabilities.json,CISA KEV entry for CVE-2026-11645: Google Chromium V8.
documents/cisa_kev/cve-2026-7473_arista_extensible-operating-system.md,default,cisa-kev,public,2026-06-09,2026-06-23,https://www.cisa.gov/sites/default/files/feeds/known_exploited_vulnerabilities.json,CISA KEV entry for CVE-2026-7473: Arista Extensible Operating System.
documents/cisa_kev/cve-2026-20245_cisco_catalyst-sd-wan-manager.md,default,cisa-kev,public,2026-06-09,2026-06-23,https://www.cisa.gov/sites/default/files/feeds/known_exploited_vulnerabilities.json,CISA KEV entry for CVE-2026-20245: Cisco Catalyst SD-WAN Manager.
documents/cisa_kev/cve-2026-42271_berriai_litellm.md,default,cisa-kev,public,2026-06-08,2026-06-22,https://www.cisa.gov/sites/default/files/feeds/known_exploited_vulnerabilities.json,CISA KEV entry for CVE-2026-42271: BerriAI LiteLLM.
documents/cisa_kev/cve-2026-50751_check-point_security-gateway.md,default,cisa-kev,public,2026-06-08,2026-06-11,https://www.cisa.gov/sites/default/files/feeds/known_exploited_vulnerabilities.json,CISA KEV entry for CVE-2026-50751: Check Point Security Gateway.
documents/cisa_kev/cve-2026-28318_solarwinds_serv-u.md,default,cisa-kev,public,2026-06-05,2026-06-19,https://www.cisa.gov/sites/default/files/feeds/known_exploited_vulnerabilities.json,CISA KEV entry for CVE-2026-28318: SolarWinds Serv-U.
documents/cisa_kev/cve-2026-45247_mirasvit_mirasvit-full-page-cache-warmer.md,default,cisa-kev,public,2026-06-03,2026-06-06,https://www.cisa.gov/sites/default/files/feeds/known_exploited_vulnerabilities.json,CISA KEV entry for CVE-2026-45247: Mirasvit Mirasvit Full Page Cache Warmer.
documents/cisa_kev/cve-2022-0492_linux_kernel.md,default,cisa-kev,public,2026-06-02,2026-06-05,https://www.cisa.gov/sites/default/files/feeds/known_exploited_vulnerabilities.json,CISA KEV entry for CVE-2022-0492: Linux Kernel.
documents/cisa_kev/cve-2025-48595_android_framework.md,default,cisa-kev,public,2026-06-02,2026-06-05,https://www.cisa.gov/sites/default/files/feeds/known_exploited_vulnerabilities.json,CISA KEV entry for CVE-2025-48595: Android Framework.
documents/cisa_kev/cve-2024-21182_oracle_weblogic-server.md,default,cisa-kev,public,2026-06-01,2026-06-04,https://www.cisa.gov/sites/default/files/feeds/known_exploited_vulnerabilities.json,CISA KEV entry for CVE-2024-21182: Oracle WebLogic Server.
documents/cisa_kev/cve-2026-0257_palo-alto-networks_pan-os.md,default,cisa-kev,public,2026-05-29,2026-06-01,https://www.cisa.gov/sites/default/files/feeds/known_exploited_vulnerabilities.json,CISA KEV entry for CVE-2026-0257: Palo Alto Networks PAN-OS.
documents/cisa_kev/cve-2026-48027_nx_nx-console.md,default,cisa-kev,public,2026-05-27,2026-06-10,https://www.cisa.gov/sites/default/files/feeds/known_exploited_vulnerabilities.json,CISA KEV entry for CVE-2026-48027: Nx Nx Console.
documents/cisa_kev/cve-2026-45321_tanstack_tanstack.md,default,cisa-kev,public,2026-05-27,2026-06-10,https://www.cisa.gov/sites/default/files/feeds/known_exploited_vulnerabilities.json,CISA KEV entry for CVE-2026-45321: TanStack TanStack.
documents/cisa_kev/cve-2026-8398_daemon_daemon-tools-lite.md,default,cisa-kev,public,2026-05-27,2026-05-30,https://www.cisa.gov/sites/default/files/feeds/known_exploited_vulnerabilities.json,CISA KEV entry for CVE-2026-8398: Daemon Daemon Tools Lite.
documents/cisa_kev/cve-2026-48172_litespeed_cpanel-plugin.md,default,cisa-kev,public,2026-05-26,2026-05-29,https://www.cisa.gov/sites/default/files/feeds/known_exploited_vulnerabilities.json,CISA KEV entry for CVE-2026-48172: LiteSpeed cPanel Plugin.
documents/cisa_kev/cve-2026-9082_drupal_core.md,default,cisa-kev,public,2026-05-22,2026-05-27,https://www.cisa.gov/sites/default/files/feeds/known_exploited_vulnerabilities.json,CISA KEV entry for CVE-2026-9082: Drupal Core.
documents/cisa_kev/cve-2025-34291_langflow_langflow.md,default,cisa-kev,public,2026-05-21,2026-06-04,https://www.cisa.gov/sites/default/files/feeds/known_exploited_vulnerabilities.json,CISA KEV entry for CVE-2025-34291: Langflow Langflow.
documents/cisa_kev/cve-2026-34926_trend-micro_apex-one.md,default,cisa-kev,public,2026-05-21,2026-06-04,https://www.cisa.gov/sites/default/files/feeds/known_exploited_vulnerabilities.json,CISA KEV entry for CVE-2026-34926: Trend Micro Apex One.
documents/cisa_kev/cve-2008-4250_microsoft_windows.md,default,cisa-kev,public,2026-05-20,2026-06-03,https://www.cisa.gov/sites/default/files/feeds/known_exploited_vulnerabilities.json,CISA KEV entry for CVE-2008-4250: Microsoft Windows.
documents/cisa_kev/cve-2009-1537_microsoft_directx.md,default,cisa-kev,public,2026-05-20,2026-06-03,https://www.cisa.gov/sites/default/files/feeds/known_exploited_vulnerabilities.json,CISA KEV entry for CVE-2009-1537: Microsoft DirectX.
documents/cisa_kev/cve-2009-3459_adobe_acrobat-and-reader.md,default,cisa-kev,public,2026-05-20,2026-06-03,https://www.cisa.gov/sites/default/files/feeds/known_exploited_vulnerabilities.json,CISA KEV entry for CVE-2009-3459: Adobe Acrobat and Reader.
documents/cisa_kev/cve-2010-0249_microsoft_internet-explorer.md,default,cisa-kev,public,2026-05-20,2026-06-03,https://www.cisa.gov/sites/default/files/feeds/known_exploited_vulnerabilities.json,CISA KEV entry for CVE-2010-0249: Microsoft Internet Explorer.
documents/cisa_kev/cve-2010-0806_microsoft_internet-explorer.md,default,cisa-kev,public,2026-05-20,2026-06-03,https://www.cisa.gov/sites/default/files/feeds/known_exploited_vulnerabilities.json,CISA KEV entry for CVE-2010-0806: Microsoft Internet Explorer.
documents/cisa_kev/cve-2026-41091_microsoft_defender.md,default,cisa-kev,public,2026-05-20,2026-06-03,https://www.cisa.gov/sites/default/files/feeds/known_exploited_vulnerabilities.json,CISA KEV entry for CVE-2026-41091: Microsoft Defender.
documents/cisa_kev/cve-2026-45498_microsoft_defender.md,default,cisa-kev,public,2026-05-20,2026-06-03,https://www.cisa.gov/sites/default/files/feeds/known_exploited_vulnerabilities.json,CISA KEV entry for CVE-2026-45498: Microsoft Defender.
documents/cisa_kev/cve-2026-42897_microsoft_microsoft.md,default,cisa-kev,public,2026-05-15,2026-05-29,https://www.cisa.gov/sites/default/files/feeds/known_exploited_vulnerabilities.json,CISA KEV entry for CVE-2026-42897: Microsoft Microsoft.
documents/cisa_kev/cve-2026-20182_cisco_catalyst-sd-wan.md,default,cisa-kev,public,2026-05-14,2026-05-17,https://www.cisa.gov/sites/default/files/feeds/known_exploited_vulnerabilities.json,CISA KEV entry for CVE-2026-20182: Cisco Catalyst SD-WAN.
documents/cisa_kev/cve-2026-42208_berriai_litellm.md,default,cisa-kev,public,2026-05-08,2026-05-11,https://www.cisa.gov/sites/default/files/feeds/known_exploited_vulnerabilities.json,CISA KEV entry for CVE-2026-42208: BerriAI LiteLLM.
documents/cisa_kev/cve-2026-6973_ivanti_endpoint-manager-mobile-epmm.md,default,cisa-kev,public,2026-05-07,2026-05-10,https://www.cisa.gov/sites/default/files/feeds/known_exploited_vulnerabilities.json,CISA KEV entry for CVE-2026-6973: Ivanti Endpoint Manager Mobile (EPMM).
documents/cisa_kev/cve-2026-0300_palo-alto-networks_pan-os.md,default,cisa-kev,public,2026-05-06,2026-05-09,https://www.cisa.gov/sites/default/files/feeds/known_exploited_vulnerabilities.json,CISA KEV entry for CVE-2026-0300: Palo Alto Networks PAN-OS.
documents/cisa_kev/cve-2026-31431_linux_kernel.md,default,cisa-kev,public,2026-05-01,2026-05-15,https://www.cisa.gov/sites/default/files/feeds/known_exploited_vulnerabilities.json,CISA KEV entry for CVE-2026-31431: Linux Kernel.
documents/cisa_kev/cve-2026-41940_webpros_cpanel-whm-and-wp2-wordpress-squared.md,default,cisa-kev,public,2026-04-30,2026-05-03,https://www.cisa.gov/sites/default/files/feeds/known_exploited_vulnerabilities.json,CISA KEV entry for CVE-2026-41940: WebPros cPanel & WHM and WP2 (WordPress Squared).
documents/cisa_kev/cve-2024-1708_connectwise_screenconnect.md,default,cisa-kev,public,2026-04-28,2026-05-12,https://www.cisa.gov/sites/default/files/feeds/known_exploited_vulnerabilities.json,CISA KEV entry for CVE-2024-1708: ConnectWise ScreenConnect.
documents/cisa_kev/cve-2026-32202_microsoft_windows.md,default,cisa-kev,public,2026-04-28,2026-05-12,https://www.cisa.gov/sites/default/files/feeds/known_exploited_vulnerabilities.json,CISA KEV entry for CVE-2026-32202: Microsoft Windows.
documents/cisa_kev/cve-2025-29635_d-link_dir-823x.md,default,cisa-kev,public,2026-04-24,2026-05-08,https://www.cisa.gov/sites/default/files/feeds/known_exploited_vulnerabilities.json,CISA KEV entry for CVE-2025-29635: D-Link DIR-823X.
documents/cisa_kev/cve-2024-7399_samsung_magicinfo-9-server.md,default,cisa-kev,public,2026-04-24,2026-05-08,https://www.cisa.gov/sites/default/files/feeds/known_exploited_vulnerabilities.json,CISA KEV entry for CVE-2024-7399: Samsung MagicINFO 9 Server.
documents/cisa_kev/cve-2024-57728_simplehelp_simplehelp.md,default,cisa-kev,public,2026-04-24,2026-05-08,https://www.cisa.gov/sites/default/files/feeds/known_exploited_vulnerabilities.json,CISA KEV entry for CVE-2024-57728: SimpleHelp  SimpleHelp.
documents/cisa_kev/cve-2024-57726_simplehelp_simplehelp.md,default,cisa-kev,public,2026-04-24,2026-05-08,https://www.cisa.gov/sites/default/files/feeds/known_exploited_vulnerabilities.json,CISA KEV entry for CVE-2024-57726: SimpleHelp  SimpleHelp.
documents/cisa_kev/cve-2026-39987_marimo_marimo.md,default,cisa-kev,public,2026-04-23,2026-05-07,https://www.cisa.gov/sites/default/files/feeds/known_exploited_vulnerabilities.json,CISA KEV entry for CVE-2026-39987: Marimo Marimo.
documents/cisa_kev/cve-2026-33825_microsoft_defender.md,default,cisa-kev,public,2026-04-22,2026-05-06,https://www.cisa.gov/sites/default/files/feeds/known_exploited_vulnerabilities.json,CISA KEV entry for CVE-2026-33825: Microsoft Defender.
documents/cisa_kev/cve-2026-20122_cisco_catalyst-sd-wan-manger.md,default,cisa-kev,public,2026-04-20,2026-04-23,https://www.cisa.gov/sites/default/files/feeds/known_exploited_vulnerabilities.json,CISA KEV entry for CVE-2026-20122: Cisco Catalyst SD-WAN Manger.
documents/cisa_kev/cve-2026-20133_cisco_catalyst-sd-wan-manager.md,default,cisa-kev,public,2026-04-20,2026-04-23,https://www.cisa.gov/sites/default/files/feeds/known_exploited_vulnerabilities.json,CISA KEV entry for CVE-2026-20133: Cisco Catalyst SD-WAN Manager.
documents/cisa_kev/cve-2025-2749_kentico_kentico-xperience.md,default,cisa-kev,public,2026-04-20,2026-05-04,https://www.cisa.gov/sites/default/files/feeds/known_exploited_vulnerabilities.json,CISA KEV entry for CVE-2025-2749: Kentico Kentico Xperience.
documents/cisa_kev/cve-2023-27351_papercut_ng-mf.md,default,cisa-kev,public,2026-04-20,2026-05-04,https://www.cisa.gov/sites/default/files/feeds/known_exploited_vulnerabilities.json,CISA KEV entry for CVE-2023-27351: PaperCut NG/MF.
documents/cisa_kev/cve-2025-48700_synacor_zimbra-collaboration-suite-zcs.md,default,cisa-kev,public,2026-04-20,2026-04-23,https://www.cisa.gov/sites/default/files/feeds/known_exploited_vulnerabilities.json,CISA KEV entry for CVE-2025-48700: Synacor Zimbra Collaboration Suite (ZCS).
documents/cisa_kev/cve-2026-20128_cisco_catalyst-sd-wan-manager.md,default,cisa-kev,public,2026-04-20,2026-04-23,https://www.cisa.gov/sites/default/files/feeds/known_exploited_vulnerabilities.json,CISA KEV entry for CVE-2026-20128: Cisco Catalyst SD-WAN Manager.
documents/cisa_kev/cve-2025-32975_quest_kace-systems-management-appliance-sma.md,default,cisa-kev,public,2026-04-20,2026-05-04,https://www.cisa.gov/sites/default/files/feeds/known_exploited_vulnerabilities.json,CISA KEV entry for CVE-2025-32975: Quest KACE Systems Management Appliance (SMA).
documents/cisa_kev/cve-2024-27199_jetbrains_teamcity.md,default,cisa-kev,public,2026-04-20,2026-05-04,https://www.cisa.gov/sites/default/files/feeds/known_exploited_vulnerabilities.json,CISA KEV entry for CVE-2024-27199: JetBrains TeamCity.
documents/cisa_kev/cve-2026-34197_apache_activemq.md,default,cisa-kev,public,2026-04-16,2026-04-30,https://www.cisa.gov/sites/default/files/feeds/known_exploited_vulnerabilities.json,CISA KEV entry for CVE-2026-34197: Apache ActiveMQ.
documents/cisa_kev/cve-2009-0238_microsoft_office.md,default,cisa-kev,public,2026-04-14,2026-04-28,https://www.cisa.gov/sites/default/files/feeds/known_exploited_vulnerabilities.json,CISA KEV entry for CVE-2009-0238: Microsoft Office.
documents/cisa_kev/cve-2026-32201_microsoft_sharepoint-server.md,default,cisa-kev,public,2026-04-14,2026-04-28,https://www.cisa.gov/sites/default/files/feeds/known_exploited_vulnerabilities.json,CISA KEV entry for CVE-2026-32201: Microsoft SharePoint Server.
documents/cisa_kev/cve-2012-1854_microsoft_visual-basic-for-applications-vba.md,default,cisa-kev,public,2026-04-13,2026-04-27,https://www.cisa.gov/sites/default/files/feeds/known_exploited_vulnerabilities.json,CISA KEV entry for CVE-2012-1854: Microsoft Visual Basic for Applications (VBA).
documents/cisa_kev/cve-2025-60710_microsoft_windows.md,default,cisa-kev,public,2026-04-13,2026-04-27,https://www.cisa.gov/sites/default/files/feeds/known_exploited_vulnerabilities.json,CISA KEV entry for CVE-2025-60710: Microsoft Windows.
documents/cisa_kev/cve-2023-21529_microsoft_exchange-server.md,default,cisa-kev,public,2026-04-13,2026-04-27,https://www.cisa.gov/sites/default/files/feeds/known_exploited_vulnerabilities.json,CISA KEV entry for CVE-2023-21529: Microsoft Exchange Server.
documents/cisa_kev/cve-2023-36424_microsoft_windows.md,default,cisa-kev,public,2026-04-13,2026-04-27,https://www.cisa.gov/sites/default/files/feeds/known_exploited_vulnerabilities.json,CISA KEV entry for CVE-2023-36424: Microsoft Windows.
documents/cisa_kev/cve-2020-9715_adobe_acrobat.md,default,cisa-kev,public,2026-04-13,2026-04-27,https://www.cisa.gov/sites/default/files/feeds/known_exploited_vulnerabilities.json,CISA KEV entry for CVE-2020-9715: Adobe Acrobat.
documents/cisa_kev/cve-2026-21643_fortinet_forticlient-ems.md,default,cisa-kev,public,2026-04-13,2026-04-16,https://www.cisa.gov/sites/default/files/feeds/known_exploited_vulnerabilities.json,CISA KEV entry for CVE-2026-21643: Fortinet FortiClient EMS.
documents/cisa_kev/cve-2026-34621_adobe_acrobat-and-reader.md,default,cisa-kev,public,2026-04-13,2026-04-27,https://www.cisa.gov/sites/default/files/feeds/known_exploited_vulnerabilities.json,CISA KEV entry for CVE-2026-34621: Adobe Acrobat and Reader.
documents/cisa_kev/cve-2026-1340_ivanti_endpoint-manager-mobile-epmm.md,default,cisa-kev,public,2026-04-08,2026-04-11,https://www.cisa.gov/sites/default/files/feeds/known_exploited_vulnerabilities.json,CISA KEV entry for CVE-2026-1340: Ivanti Endpoint Manager Mobile (EPMM).
documents/cisa_kev/cve-2026-35616_fortinet_forticlient-ems.md,default,cisa-kev,public,2026-04-06,2026-04-09,https://www.cisa.gov/sites/default/files/feeds/known_exploited_vulnerabilities.json,CISA KEV entry for CVE-2026-35616: Fortinet FortiClient EMS.
documents/cisa_kev/cve-2026-3502_trueconf_client.md,default,cisa-kev,public,2026-04-02,2026-04-16,https://www.cisa.gov/sites/default/files/feeds/known_exploited_vulnerabilities.json,CISA KEV entry for CVE-2026-3502: TrueConf Client.
documents/cisa_kev/cve-2026-5281_google_dawn.md,default,cisa-kev,public,2026-04-01,2026-04-15,https://www.cisa.gov/sites/default/files/feeds/known_exploited_vulnerabilities.json,CISA KEV entry for CVE-2026-5281: Google Dawn.
documents/cisa_kev/cve-2026-3055_citrix_netscaler.md,default,cisa-kev,public,2026-03-30,2026-04-02,https://www.cisa.gov/sites/default/files/feeds/known_exploited_vulnerabilities.json,CISA KEV entry for CVE-2026-3055: Citrix NetScaler.
documents/cisa_kev/cve-2025-53521_f5_big-ip.md,default,cisa-kev,public,2026-03-27,2026-03-30,https://www.cisa.gov/sites/default/files/feeds/known_exploited_vulnerabilities.json,CISA KEV entry for CVE-2025-53521: F5 BIG-IP.
documents/cisa_kev/cve-2026-33634_aquasecurity_trivy.md,default,cisa-kev,public,2026-03-26,2026-04-09,https://www.cisa.gov/sites/default/files/feeds/known_exploited_vulnerabilities.json,CISA KEV entry for CVE-2026-33634: Aquasecurity Trivy.
documents/cisa_kev/cve-2026-33017_langflow_langflow.md,default,cisa-kev,public,2026-03-25,2026-04-08,https://www.cisa.gov/sites/default/files/feeds/known_exploited_vulnerabilities.json,CISA KEV entry for CVE-2026-33017: Langflow Langflow.
documents/cisa_kev/cve-2025-32432_craft-cms_craft-cms.md,default,cisa-kev,public,2026-03-20,2026-04-03,https://www.cisa.gov/sites/default/files/feeds/known_exploited_vulnerabilities.json,CISA KEV entry for CVE-2025-32432: Craft CMS Craft CMS.
documents/cisa_kev/cve-2025-54068_laravel_livewire.md,default,cisa-kev,public,2026-03-20,2026-04-03,https://www.cisa.gov/sites/default/files/feeds/known_exploited_vulnerabilities.json,CISA KEV entry for CVE-2025-54068: Laravel Livewire.
documents/cisa_kev/cve-2025-43510_apple_multiple-products.md,default,cisa-kev,public,2026-03-20,2026-04-03,https://www.cisa.gov/sites/default/files/feeds/known_exploited_vulnerabilities.json,CISA KEV entry for CVE-2025-43510: Apple Multiple Products.
documents/cisa_kev/cve-2025-43520_apple_multiple-products.md,default,cisa-kev,public,2026-03-20,2026-04-03,https://www.cisa.gov/sites/default/files/feeds/known_exploited_vulnerabilities.json,CISA KEV entry for CVE-2025-43520: Apple Multiple Products.
documents/cisa_kev/cve-2025-31277_apple_multiple-products.md,default,cisa-kev,public,2026-03-20,2026-04-03,https://www.cisa.gov/sites/default/files/feeds/known_exploited_vulnerabilities.json,CISA KEV entry for CVE-2025-31277: Apple Multiple Products.
documents/cisa_kev/cve-2026-20131_cisco_secure-firewall-management-center-fmc.md,default,cisa-kev,public,2026-03-19,2026-03-22,https://www.cisa.gov/sites/default/files/feeds/known_exploited_vulnerabilities.json,CISA KEV entry for CVE-2026-20131: Cisco Secure Firewall Management Center (FMC).
documents/cisa_kev/cve-2025-66376_synacor_zimbra-collaboration-suite-zcs.md,default,cisa-kev,public,2026-03-18,2026-04-01,https://www.cisa.gov/sites/default/files/feeds/known_exploited_vulnerabilities.json,CISA KEV entry for CVE-2025-66376: Synacor Zimbra Collaboration Suite (ZCS).
documents/cisa_kev/cve-2026-20963_microsoft_sharepoint.md,default,cisa-kev,public,2026-03-18,2026-03-21,https://www.cisa.gov/sites/default/files/feeds/known_exploited_vulnerabilities.json,CISA KEV entry for CVE-2026-20963: Microsoft SharePoint.
documents/cisa_kev/cve-2025-47813_wing-ftp-server_wing-ftp-server.md,default,cisa-kev,public,2026-03-16,2026-03-30,https://www.cisa.gov/sites/default/files/feeds/known_exploited_vulnerabilities.json,CISA KEV entry for CVE-2025-47813: Wing FTP Server Wing FTP Server.
documents/cisa_kev/cve-2026-3910_google_chromium-v8.md,default,cisa-kev,public,2026-03-13,2026-03-27,https://www.cisa.gov/sites/default/files/feeds/known_exploited_vulnerabilities.json,CISA KEV entry for CVE-2026-3910: Google Chromium V8.
documents/cisa_kev/cve-2026-3909_google_skia.md,default,cisa-kev,public,2026-03-13,2026-03-27,https://www.cisa.gov/sites/default/files/feeds/known_exploited_vulnerabilities.json,CISA KEV entry for CVE-2026-3909: Google Skia.
documents/cisa_kev/cve-2025-68613_n8n_n8n.md,default,cisa-kev,public,2026-03-11,2026-03-25,https://www.cisa.gov/sites/default/files/feeds/known_exploited_vulnerabilities.json,CISA KEV entry for CVE-2025-68613: n8n n8n.
documents/cisa_kev/cve-2021-22054_omnissa_workspace-one-uem.md,default,cisa-kev,public,2026-03-09,2026-03-23,https://www.cisa.gov/sites/default/files/feeds/known_exploited_vulnerabilities.json,CISA KEV entry for CVE-2021-22054: Omnissa Workspace One UEM.
documents/cisa_kev/cve-2025-26399_solarwinds_web-help-desk.md,default,cisa-kev,public,2026-03-09,2026-03-12,https://www.cisa.gov/sites/default/files/feeds/known_exploited_vulnerabilities.json,CISA KEV entry for CVE-2025-26399: SolarWinds Web Help Desk.
documents/cisa_kev/cve-2026-1603_ivanti_endpoint-manager-epm.md,default,cisa-kev,public,2026-03-09,2026-03-23,https://www.cisa.gov/sites/default/files/feeds/known_exploited_vulnerabilities.json,CISA KEV entry for CVE-2026-1603: Ivanti  Endpoint Manager (EPM).
documents/cisa_kev/cve-2017-7921_hikvision_multiple-products.md,default,cisa-kev,public,2026-03-05,2026-03-26,https://www.cisa.gov/sites/default/files/feeds/known_exploited_vulnerabilities.json,CISA KEV entry for CVE-2017-7921: Hikvision Multiple Products.
documents/cisa_kev/cve-2021-22681_rockwell_multiple-products.md,default,cisa-kev,public,2026-03-05,2026-03-26,https://www.cisa.gov/sites/default/files/feeds/known_exploited_vulnerabilities.json,CISA KEV entry for CVE-2021-22681: Rockwell Multiple Products.
documents/cisa_kev/cve-2023-43000_apple_multiple-products.md,default,cisa-kev,public,2026-03-05,2026-03-26,https://www.cisa.gov/sites/default/files/feeds/known_exploited_vulnerabilities.json,CISA KEV entry for CVE-2023-43000: Apple Multiple Products.
documents/cisa_kev/cve-2021-30952_apple_multiple-products.md,default,cisa-kev,public,2026-03-05,2026-03-26,https://www.cisa.gov/sites/default/files/feeds/known_exploited_vulnerabilities.json,CISA KEV entry for CVE-2021-30952: Apple Multiple Products.
documents/cisa_kev/cve-2023-41974_apple_ios-and-ipados.md,default,cisa-kev,public,2026-03-05,2026-03-26,https://www.cisa.gov/sites/default/files/feeds/known_exploited_vulnerabilities.json,CISA KEV entry for CVE-2023-41974: Apple iOS and iPadOS.
documents/cisa_kev/cve-2026-22719_broadcom_vmware-aria-operations.md,default,cisa-kev,public,2026-03-03,2026-03-24,https://www.cisa.gov/sites/default/files/feeds/known_exploited_vulnerabilities.json,CISA KEV entry for CVE-2026-22719: Broadcom VMware Aria Operations.
documents/cisa_kev/cve-2026-21385_qualcomm_multiple-chipsets.md,default,cisa-kev,public,2026-03-03,2026-03-24,https://www.cisa.gov/sites/default/files/feeds/known_exploited_vulnerabilities.json,CISA KEV entry for CVE-2026-21385: Qualcomm Multiple Chipsets.
documents/cisa_kev/cve-2022-20775_cisco_sd-wan.md,default,cisa-kev,public,2026-02-25,2026-02-27,https://www.cisa.gov/sites/default/files/feeds/known_exploited_vulnerabilities.json,CISA KEV entry for CVE-2022-20775: Cisco SD-WAN.
documents/cisa_kev/cve-2026-20127_cisco_catalyst-sd-wan-controller-and-manager.md,default,cisa-kev,public,2026-02-25,2026-02-27,https://www.cisa.gov/sites/default/files/feeds/known_exploited_vulnerabilities.json,CISA KEV entry for CVE-2026-20127: Cisco Catalyst SD-WAN Controller and Manager.
documents/cisa_kev/cve-2026-25108_soliton-systems-k-k_filezen.md,default,cisa-kev,public,2026-02-24,2026-03-17,https://www.cisa.gov/sites/default/files/feeds/known_exploited_vulnerabilities.json,CISA KEV entry for CVE-2026-25108: Soliton Systems K.K FileZen.
documents/cisa_kev/cve-2025-49113_roundcube_webmail.md,default,cisa-kev,public,2026-02-20,2026-03-13,https://www.cisa.gov/sites/default/files/feeds/known_exploited_vulnerabilities.json,CISA KEV entry for CVE-2025-49113: Roundcube Webmail.
documents/cisa_kev/cve-2025-68461_roundcube_webmail.md,default,cisa-kev,public,2026-02-20,2026-03-13,https://www.cisa.gov/sites/default/files/feeds/known_exploited_vulnerabilities.json,CISA KEV entry for CVE-2025-68461: Roundcube Webmail.
documents/cisa_kev/cve-2021-22175_gitlab_gitlab.md,default,cisa-kev,public,2026-02-18,2026-03-11,https://www.cisa.gov/sites/default/files/feeds/known_exploited_vulnerabilities.json,CISA KEV entry for CVE-2021-22175: GitLab GitLab.
documents/cisa_kev/cve-2026-22769_dell_recoverpoint-for-virtual-machines-rp4vms.md,default,cisa-kev,public,2026-02-18,2026-02-21,https://www.cisa.gov/sites/default/files/feeds/known_exploited_vulnerabilities.json,CISA KEV entry for CVE-2026-22769: Dell RecoverPoint for Virtual Machines (RP4VMs).
documents/cisa_kev/cve-2020-7796_synacor_zimbra-collaboration-suite.md,default,cisa-kev,public,2026-02-17,2026-03-10,https://www.cisa.gov/sites/default/files/feeds/known_exploited_vulnerabilities.json,CISA KEV entry for CVE-2020-7796: Synacor Zimbra Collaboration Suite.
documents/cisa_kev/cve-2024-7694_teamt5_threatsonar-anti-ransomware.md,default,cisa-kev,public,2026-02-17,2026-03-10,https://www.cisa.gov/sites/default/files/feeds/known_exploited_vulnerabilities.json,CISA KEV entry for CVE-2024-7694: TeamT5 ThreatSonar Anti-Ransomware.
documents/cisa_kev/cve-2008-0015_microsoft_windows.md,default,cisa-kev,public,2026-02-17,2026-03-10,https://www.cisa.gov/sites/default/files/feeds/known_exploited_vulnerabilities.json,CISA KEV entry for CVE-2008-0015: Microsoft Windows.
documents/cisa_kev/cve-2026-2441_google_chromium.md,default,cisa-kev,public,2026-02-17,2026-03-10,https://www.cisa.gov/sites/default/files/feeds/known_exploited_vulnerabilities.json,CISA KEV entry for CVE-2026-2441: Google Chromium.
documents/cisa_kev/cve-2026-1731_beyondtrust_remote-support-rs-and-privileged-remote-access-pra.md,default,cisa-kev,public,2026-02-13,2026-02-16,https://www.cisa.gov/sites/default/files/feeds/known_exploited_vulnerabilities.json,CISA KEV entry for CVE-2026-1731: BeyondTrust Remote Support (RS) and Privileged Remote Access (PRA).
documents/cisa_kev/cve-2026-20700_apple_multiple-products.md,default,cisa-kev,public,2026-02-12,2026-03-05,https://www.cisa.gov/sites/default/files/feeds/known_exploited_vulnerabilities.json,CISA KEV entry for CVE-2026-20700: Apple Multiple Products.
documents/cisa_kev/cve-2024-43468_microsoft_configuration-manager.md,default,cisa-kev,public,2026-02-12,2026-03-05,https://www.cisa.gov/sites/default/files/feeds/known_exploited_vulnerabilities.json,CISA KEV entry for CVE-2024-43468: Microsoft Configuration Manager.
documents/cisa_kev/cve-2025-15556_notepad_notepad.md,default,cisa-kev,public,2026-02-12,2026-03-05,https://www.cisa.gov/sites/default/files/feeds/known_exploited_vulnerabilities.json,CISA KEV entry for CVE-2025-15556: Notepad++ Notepad++.
documents/cisa_kev/cve-2025-40536_solarwinds_web-help-desk.md,default,cisa-kev,public,2026-02-12,2026-02-15,https://www.cisa.gov/sites/default/files/feeds/known_exploited_vulnerabilities.json,CISA KEV entry for CVE-2025-40536: SolarWinds Web Help Desk.
documents/cisa_kev/cve-2026-21513_microsoft_windows.md,default,cisa-kev,public,2026-02-10,2026-03-03,https://www.cisa.gov/sites/default/files/feeds/known_exploited_vulnerabilities.json,CISA KEV entry for CVE-2026-21513: Microsoft Windows.
documents/cisa_kev/cve-2026-21525_microsoft_windows.md,default,cisa-kev,public,2026-02-10,2026-03-03,https://www.cisa.gov/sites/default/files/feeds/known_exploited_vulnerabilities.json,CISA KEV entry for CVE-2026-21525: Microsoft Windows.
documents/cisa_kev/cve-2026-21510_microsoft_windows.md,default,cisa-kev,public,2026-02-10,2026-03-03,https://www.cisa.gov/sites/default/files/feeds/known_exploited_vulnerabilities.json,CISA KEV entry for CVE-2026-21510: Microsoft Windows.
documents/cisa_kev/cve-2026-21533_microsoft_windows.md,default,cisa-kev,public,2026-02-10,2026-03-03,https://www.cisa.gov/sites/default/files/feeds/known_exploited_vulnerabilities.json,CISA KEV entry for CVE-2026-21533: Microsoft Windows.
documents/cisa_kev/cve-2026-21519_microsoft_windows.md,default,cisa-kev,public,2026-02-10,2026-03-03,https://www.cisa.gov/sites/default/files/feeds/known_exploited_vulnerabilities.json,CISA KEV entry for CVE-2026-21519: Microsoft Windows.
documents/cisa_kev/cve-2026-21514_microsoft_office.md,default,cisa-kev,public,2026-02-10,2026-03-03,https://www.cisa.gov/sites/default/files/feeds/known_exploited_vulnerabilities.json,CISA KEV entry for CVE-2026-21514: Microsoft Office.
documents/cisa_kev/cve-2025-11953_react-native-community_cli.md,default,cisa-kev,public,2026-02-05,2026-02-26,https://www.cisa.gov/sites/default/files/feeds/known_exploited_vulnerabilities.json,CISA KEV entry for CVE-2025-11953: React Native Community CLI.
documents/cisa_kev/cve-2026-24423_smartertools_smartermail.md,default,cisa-kev,public,2026-02-05,2026-02-26,https://www.cisa.gov/sites/default/files/feeds/known_exploited_vulnerabilities.json,CISA KEV entry for CVE-2026-24423: SmarterTools SmarterMail.
documents/cisa_kev/cve-2021-39935_gitlab_community-and-enterprise-editions.md,default,cisa-kev,public,2026-02-03,2026-02-24,https://www.cisa.gov/sites/default/files/feeds/known_exploited_vulnerabilities.json,CISA KEV entry for CVE-2021-39935: GitLab Community and Enterprise Editions.
documents/cisa_kev/cve-2025-64328_sangoma_freepbx.md,default,cisa-kev,public,2026-02-03,2026-02-24,https://www.cisa.gov/sites/default/files/feeds/known_exploited_vulnerabilities.json,CISA KEV entry for CVE-2025-64328: Sangoma FreePBX .
documents/cisa_kev/cve-2019-19006_sangoma_freepbx.md,default,cisa-kev,public,2026-02-03,2026-02-24,https://www.cisa.gov/sites/default/files/feeds/known_exploited_vulnerabilities.json,CISA KEV entry for CVE-2019-19006: Sangoma FreePBX.
documents/cisa_kev/cve-2025-40551_solarwinds_web-help-desk.md,default,cisa-kev,public,2026-02-03,2026-02-06,https://www.cisa.gov/sites/default/files/feeds/known_exploited_vulnerabilities.json,CISA KEV entry for CVE-2025-40551: SolarWinds Web Help Desk.
documents/cisa_kev/cve-2026-1281_ivanti_endpoint-manager-mobile-epmm.md,default,cisa-kev,public,2026-01-29,2026-02-01,https://www.cisa.gov/sites/default/files/feeds/known_exploited_vulnerabilities.json,CISA KEV entry for CVE-2026-1281: Ivanti Endpoint Manager Mobile (EPMM).
documents/cisa_kev/cve-2026-24858_fortinet_multiple-products.md,default,cisa-kev,public,2026-01-27,2026-01-30,https://www.cisa.gov/sites/default/files/feeds/known_exploited_vulnerabilities.json,CISA KEV entry for CVE-2026-24858: Fortinet Multiple Products.
documents/cisa_kev/cve-2018-14634_linux_kernel.md,default,cisa-kev,public,2026-01-26,2026-02-16,https://www.cisa.gov/sites/default/files/feeds/known_exploited_vulnerabilities.json,CISA KEV entry for CVE-2018-14634: Linux Kernel.
documents/cisa_kev/cve-2025-52691_smartertools_smartermail.md,default,cisa-kev,public,2026-01-26,2026-02-16,https://www.cisa.gov/sites/default/files/feeds/known_exploited_vulnerabilities.json,CISA KEV entry for CVE-2025-52691: SmarterTools SmarterMail.
documents/cisa_kev/cve-2026-23760_smartertools_smartermail.md,default,cisa-kev,public,2026-01-26,2026-02-16,https://www.cisa.gov/sites/default/files/feeds/known_exploited_vulnerabilities.json,CISA KEV entry for CVE-2026-23760: SmarterTools SmarterMail.
documents/cisa_kev/cve-2026-24061_gnu_inetutils.md,default,cisa-kev,public,2026-01-26,2026-02-16,https://www.cisa.gov/sites/default/files/feeds/known_exploited_vulnerabilities.json,CISA KEV entry for CVE-2026-24061: GNU InetUtils.
documents/cisa_kev/cve-2026-21509_microsoft_office.md,default,cisa-kev,public,2026-01-26,2026-02-16,https://www.cisa.gov/sites/default/files/feeds/known_exploited_vulnerabilities.json,CISA KEV entry for CVE-2026-21509: Microsoft Office.
documents/cisa_kev/cve-2024-37079_broadcom_vmware-vcenter-server.md,default,cisa-kev,public,2026-01-23,2026-02-13,https://www.cisa.gov/sites/default/files/feeds/known_exploited_vulnerabilities.json,CISA KEV entry for CVE-2024-37079: Broadcom VMware vCenter Server.
documents/cisa_kev/cve-2025-68645_synacor_zimbra-collaboration-suite-zcs.md,default,cisa-kev,public,2026-01-22,2026-02-12,https://www.cisa.gov/sites/default/files/feeds/known_exploited_vulnerabilities.json,CISA KEV entry for CVE-2025-68645: Synacor  Zimbra Collaboration Suite (ZCS).
documents/cisa_kev/cve-2025-34026_versa_concerto.md,default,cisa-kev,public,2026-01-22,2026-02-12,https://www.cisa.gov/sites/default/files/feeds/known_exploited_vulnerabilities.json,CISA KEV entry for CVE-2025-34026: Versa Concerto.
documents/cisa_kev/cve-2025-31125_vite_vitejs.md,default,cisa-kev,public,2026-01-22,2026-02-12,https://www.cisa.gov/sites/default/files/feeds/known_exploited_vulnerabilities.json,CISA KEV entry for CVE-2025-31125: Vite Vitejs.
documents/cisa_kev/cve-2025-54313_prettier_eslint-config-prettier.md,default,cisa-kev,public,2026-01-22,2026-02-12,https://www.cisa.gov/sites/default/files/feeds/known_exploited_vulnerabilities.json,CISA KEV entry for CVE-2025-54313: Prettier eslint-config-prettier.
documents/cisa_kev/cve-2026-20045_cisco_unified-communications-manager.md,default,cisa-kev,public,2026-01-21,2026-02-11,https://www.cisa.gov/sites/default/files/feeds/known_exploited_vulnerabilities.json,CISA KEV entry for CVE-2026-20045: Cisco Unified Communications Manager.
documents/cisa_kev/cve-2026-20805_microsoft_windows.md,default,cisa-kev,public,2026-01-13,2026-02-03,https://www.cisa.gov/sites/default/files/feeds/known_exploited_vulnerabilities.json,CISA KEV entry for CVE-2026-20805: Microsoft Windows.
documents/cisa_kev/cve-2025-8110_gogs_gogs.md,default,cisa-kev,public,2026-01-12,2026-02-02,https://www.cisa.gov/sites/default/files/feeds/known_exploited_vulnerabilities.json,CISA KEV entry for CVE-2025-8110: Gogs Gogs.
documents/cisa_kev/cve-2009-0556_microsoft_office.md,default,cisa-kev,public,2026-01-07,2026-01-28,https://www.cisa.gov/sites/default/files/feeds/known_exploited_vulnerabilities.json,CISA KEV entry for CVE-2009-0556: Microsoft Office.
documents/cisa_kev/cve-2025-37164_hewlett-packard-enterprise-hpe_oneview.md,default,cisa-kev,public,2026-01-07,2026-01-28,https://www.cisa.gov/sites/default/files/feeds/known_exploited_vulnerabilities.json,CISA KEV entry for CVE-2025-37164: Hewlett Packard Enterprise (HPE) OneView.
documents/cisa_kev/cve-2025-14847_mongodb_mongodb-and-mongodb-server.md,default,cisa-kev,public,2025-12-29,2026-01-19,https://www.cisa.gov/sites/default/files/feeds/known_exploited_vulnerabilities.json,CISA KEV entry for CVE-2025-14847: MongoDB MongoDB and MongoDB Server.
documents/cisa_kev/cve-2023-52163_digiever_ds-2105-pro.md,default,cisa-kev,public,2025-12-22,2026-01-12,https://www.cisa.gov/sites/default/files/feeds/known_exploited_vulnerabilities.json,CISA KEV entry for CVE-2023-52163: Digiever DS-2105 Pro.
documents/cisa_kev/cve-2025-14733_watchguard_firebox.md,default,cisa-kev,public,2025-12-19,2025-12-26,https://www.cisa.gov/sites/default/files/feeds/known_exploited_vulnerabilities.json,CISA KEV entry for CVE-2025-14733: WatchGuard Firebox.
documents/cisa_kev/cve-2025-59374_asus_live-update.md,default,cisa-kev,public,2025-12-17,2026-01-07,https://www.cisa.gov/sites/default/files/feeds/known_exploited_vulnerabilities.json,CISA KEV entry for CVE-2025-59374: ASUS Live Update.
documents/cisa_kev/cve-2025-40602_sonicwall_sma1000-appliance.md,default,cisa-kev,public,2025-12-17,2025-12-24,https://www.cisa.gov/sites/default/files/feeds/known_exploited_vulnerabilities.json,CISA KEV entry for CVE-2025-40602: SonicWall SMA1000 appliance.
documents/cisa_kev/cve-2025-20393_cisco_multiple-products.md,default,cisa-kev,public,2025-12-17,2025-12-24,https://www.cisa.gov/sites/default/files/feeds/known_exploited_vulnerabilities.json,CISA KEV entry for CVE-2025-20393: Cisco Multiple Products.
documents/cisa_kev/cve-2025-59718_fortinet_multiple-products.md,default,cisa-kev,public,2025-12-16,2025-12-23,https://www.cisa.gov/sites/default/files/feeds/known_exploited_vulnerabilities.json,CISA KEV entry for CVE-2025-59718: Fortinet Multiple Products.
documents/nist_ai_rmf_1_0.pdf,default,nist-ai-governance,public,,,https://nvlpubs.nist.gov/nistpubs/ai/NIST.AI.100-1.pdf,NIST Artificial Intelligence Risk Management Framework 1.0
documents/nist_csf_2_0.pdf,default,nist-cybersecurity,public,,,https://nvlpubs.nist.gov/nistpubs/CSWP/NIST.CSWP.29.pdf,NIST Cybersecurity Framework 2.0
